Id,Prediction,Date,File,StartTime,ElapsedTime,BusyTime,Commands,editOrInsertPercentage,debugPercentage,navigationPercentage,focusPercentage,removePercentage,editPercentage,COMMAND_RATE,NAVIGATION_RATE,DEBUG_RATE,FOCUS_RATE,EDIT_RATE,REMOVE_RATE,INSERT_RATE,webLinkTimes,Web Page Visits
1,,Sun Apr 03 17:12:48 EDT 2022,ASTDisplay.java,1649020368983,351123,0,(F)1(I)3(F)6(I)4(F)2(I)1,0.47058823529411764,0.0,0.0,52.94117647058824,0.0,0.0,0.04843304843304843,0.0,0.0,0.02564102564102564,0.0,0.0,0.022792022792022793,6.0,[1649020427275 33 COMP 520: Compilers (Spring 2022) https://www.cs.unc.edu/~prins/Classes/520/, 1649020520606 3 COMP520/Scanner.java at c2f4a72c966dac7e7bc8b45818091f7a73c66ae2  CharlieZhang1999/COMP520  GitHub https://github.com/CharlieZhang1999/COMP520/blob/c2f4a72c966dac7e7bc8b45818091f7a73c66ae2/src/miniJava/SyntacticAnalyzer/Scanner.java#L281, 1649020520784 2 COMP520/src/miniJava/SyntacticAnalyzer at c2f4a72c966dac7e7bc8b45818091f7a73c66ae2  CharlieZhang1999/COMP520  GitHub https://github.com/CharlieZhang1999/COMP520/tree/c2f4a72c966dac7e7bc8b45818091f7a73c66ae2/src/miniJava/SyntacticAnalyzer, 1649020522586 2 COMP520/src/miniJava at c2f4a72c966dac7e7bc8b45818091f7a73c66ae2  CharlieZhang1999/COMP520  GitHub https://github.com/CharlieZhang1999/COMP520/tree/c2f4a72c966dac7e7bc8b45818091f7a73c66ae2/src/miniJava, 1649020526021 2 COMP520/src/miniJava/ContextualAnalyzer at c2f4a72c966dac7e7bc8b45818091f7a73c66ae2  CharlieZhang1999/COMP520  GitHub https://github.com/CharlieZhang1999/COMP520/tree/c2f4a72c966dac7e7bc8b45818091f7a73c66ae2/src/miniJava/ContextualAnalyzer, 1649020527772 2 COMP520/TypeChecker.java at c2f4a72c966dac7e7bc8b45818091f7a73c66ae2  CharlieZhang1999/COMP520  GitHub https://github.com/CharlieZhang1999/COMP520/blob/c2f4a72c966dac7e7bc8b45818091f7a73c66ae2/src/miniJava/ContextualAnalyzer/TypeChecker.java]
,/modelData/A0UserStudy2010.arff,Sun Apr 03 17:12:48 EDT 2022,ASTDisplay.java, 1649020368983
2,,Sun Apr 03 17:18:41 EDT 2022,Identifier.java,1649020721874,600775,0,(I)3(F)2(I)2(F)3(I)2(R)2(I)2(F)1(I)3(R)1,0.5714285714285714,0.0,0.0,28.57142857142857,0.0,0.0,0.035,0.0,0.0,0.01,0.0,0.005,0.02,2.0,[1649021313354 4 miniJava-Compiler/source/miniJava/AbstractSyntaxTrees at 129fec001e530cb9150be1b8567a7564a40b104f  gmcdonagh/miniJava-Compiler  GitHub https://github.com/gmcdonagh/miniJava-Compiler/tree/129fec001e530cb9150be1b8567a7564a40b104f/source/miniJava/AbstractSyntaxTrees, 1649021317923 2 miniJava-Compiler/Identifier.java at 129fec001e530cb9150be1b8567a7564a40b104f  gmcdonagh/miniJava-Compiler  GitHub https://github.com/gmcdonagh/miniJava-Compiler/blob/129fec001e530cb9150be1b8567a7564a40b104f/source/miniJava/AbstractSyntaxTrees/Identifier.java]
3,,Sun Apr 03 17:28:43 EDT 2022,Identifier.java,1649021323340,17734,0,(I)1(R)1(I)19,0.9523809523809523,0.0,0.0,0.0,0.0,0.0,1.2352941176470589,0.0,0.0,0.0,0.0,0.058823529411764705,1.1764705882352942,0.0,[]
4,,Sun Apr 03 17:29:01 EDT 2022,Identifier.java,1649021341123,-7190,-7190,(I)1(R)1(I)7,0.8888888888888888,0.0,0.0,0.0,0.0,0.0,0.0,0.0,0.0,0.0,0.0,null,0.0,0.0,[]
5,,Sun Apr 03 17:28:54 EDT 2022,Identifier.java,1649021334145,11873,0,(I)14(R)1(I)9,0.9583333333333334,0.0,0.0,0.0,0.0,0.0,2.1818181818181817,0.0,0.0,0.0,0.0,0.09090909090909091,2.090909090909091,0.0,[]
6,,Sun Apr 03 17:29:06 EDT 2022,Reference.java,1649021346026,1213706,0,(F)2(I)1(F)1(I)2(F)1(I)13,0.8,0.0,0.0,20.0,0.0,0.0,0.016488046166529265,0.0,0.0,0.0032976092333058533,0.0,0.0,0.013190436933223413,1.0,[]
7,,Sun Apr 03 17:49:21 EDT 2022,Reference.java,1649022561440,3298689,0,(R)2(I)2(R)2(I)1(F)6(I)9,0.5454545454545454,0.0,0.0,27.27272727272727,0.0,0.0,0.0066707095209217705,0.0,0.0,0.0018192844147968466,0.0,0.001212856276531231,0.0036385688295936932,23.0,[1649025641466 33 COMP 520: Compilers (Spring 2022) https://www.cs.unc.edu/~prins/Classes/520/, 1649023715714 3 Java Tutorial https://www.w3schools.com/java/, 1649025404143 7 Java Tryit Editor v1.0 https://www.w3schools.com/java/tryjava.asp?filename=demo_helloworld, 1649025664017 4 COMP520/src/miniJava/ContextualAnalyzer at c2f4a72c966dac7e7bc8b45818091f7a73c66ae2  CharlieZhang1999/COMP520  GitHub https://github.com/CharlieZhang1999/COMP520/tree/c2f4a72c966dac7e7bc8b45818091f7a73c66ae2/src/miniJava/ContextualAnalyzer, 1649025657551 2 COMP520/TypeChecker.java at c2f4a72c966dac7e7bc8b45818091f7a73c66ae2  CharlieZhang1999/COMP520  GitHub https://github.com/CharlieZhang1999/COMP520/blob/c2f4a72c966dac7e7bc8b45818091f7a73c66ae2/src/miniJava/ContextualAnalyzer/TypeChecker.java, 1649025649846 2 miniJava-Compiler/Identifier.java at 129fec001e530cb9150be1b8567a7564a40b104f  gmcdonagh/miniJava-Compiler  GitHub https://github.com/gmcdonagh/miniJava-Compiler/blob/129fec001e530cb9150be1b8567a7564a40b104f/source/miniJava/AbstractSyntaxTrees/Identifier.java, 1649022716862 2 java static method - Google ?? https://www.google.com/search?q=java+static+method&oq=java+static+method&aqs=chrome..69i57j0i512l9.4585j0j7&sourceid=chrome&ie=UTF-8, 1649022720523 1 Static methods vs Instance methods in Java - GeeksforGeeks https://www.geeksforgeeks.org/static-methods-vs-instance-methods-java/, 1649022732049 2 java static method cannot access non static method - Google ?? https://www.google.com/search?q=java+static+method+cannot+access+non+static+method&sxsrf=APq-WBsQ7lsZQlr9lIZLwqx3_DWtI_YHuA%3A1649022715670&ei=-xZKYtrFKInv-QbykZ-ACg&ved=0ahUKEwiar8ap8Pj2AhWJd94KHfLIB6AQ4dUDCA4&uact=5&oq=java+static+method+cannot+access+non+static+method&gs_lcp=Cgdnd3Mtd2l6EAM6BwgAEEcQsAM6BQgAEIAEOgUIABDLAToECAAQHjoGCAAQCBAeOggIABAFEAoQHjoFCCEQoAE6BwghEAoQoAE6BAghEApKBAhBGABKBAhGGABQb1iUQmDPQ2gEcAF4AIABlgGIAakRkgEEMzEuMpgBAKABAcgBCsABAQ&sclient=gws-wiz, 1649022737244 1 Why non-static variable cannot be referenced from a static method in Java - GeeksforGeeks https://www.geeksforgeeks.org/why-non-static-variable-cannot-be-referenced-from-a-static-method-in-java/, 1649023642077 2 java static class - Google ?? https://www.google.com/search?q=java+static+class&sxsrf=APq-WBvZ6rC5K6OBiYQ0WAmEsSrp6O5mJw%3A1649022731378&ei=CxdKYuXXFo_j_AbRg7yoBA&ved=0ahUKEwiliYWx8Pj2AhWPMd8KHdEBD0UQ4dUDCA4&uact=5&oq=java+static+class&gs_lcp=Cgdnd3Mtd2l6EAMyBQgAEMsBMgUIABDLATIFCAAQywEyBQgAEMsBMgUIABDLATIFCAAQywEyBQgAEMsBMgUIABDLATIFCAAQywEyBQgAEMsBOgcIABBHELADOgQIIxAnOgQIABBDSgQIQRgASgQIRhgAUOcfWMkqYNoraAFwAXgAgAFjiAHwApIBATaYAQCgAQHIAQrAAQE&sclient=gws-wiz, 1649023643864 1 Static class in Java - GeeksforGeeks https://www.geeksforgeeks.org/static-class-in-java/, 1649023714661 2 java w3schools - Google ?? https://www.google.com/search?q=java+w3schools&oq=java+w3&aqs=chrome.1.69i57j69i59j0i512l4j69i60l2.2759j0j7&sourceid=chrome&ie=UTF-8, 1649023992689 2 java class member static class - Google ?? https://www.google.com/search?q=java+class+member+static+class&sxsrf=APq-WBvgcsOGRmSdfzmrTFG3lw80wSxWYw%3A1649023641685&ei=mRpKYpuzKcyvggf-pqDgCQ&ved=0ahUKEwjb443j8_j2AhXMl-AKHX4TCJwQ4dUDCA4&uact=5&oq=java+class+member+static+class&gs_lcp=Cgdnd3Mtd2l6EAM6BwgAEEcQsAM6BAgjECc6BAgAEEM6BQguEMsBOgUIABDLAToGCAAQChATOggIABANEB4QEzoKCAAQCBANEB4QEzoMCAAQCBANEAoQHhATOgYIABAIEB46BQghEKABOgcIIRAKEKABSgQIQRgASgQIRhgAUMsDWMw1YMk2aARwAXgAgAFqiAHdDZIBBDI4LjGYAQCgAQHIAQrAAQE&sclient=gws-wiz, 1649024008412 2 java static class as class member - Google ?? https://www.google.com/search?q=java+static+class+as+class+member+&sxsrf=APq-WBtcQ8D6Zwv9lv_T4xTJT7opKcTYyQ%3A1649023992146&ei=-BtKYtyzCI7j_Aar1K3YBg&ved=0ahUKEwjcj5yK9fj2AhWOMd8KHStqC2sQ4dUDCA4&uact=5&oq=java+static+class+as+class+member+&gs_lcp=Cgdnd3Mtd2l6EAMyBQghEKABMgUIIRCgATIFCCEQoAEyBQghEKABOgcIABBHELADOgQIIxAnOgUIABDLAToGCAAQBxAeOgQIABAeOgYIABAIEB5KBAhBGABKBAhGGABQkRlY9iVgjCxoAnABeACAAVCIAYIDkgEBN5gBAKABAaABAsgBCsABAQ&sclient=gws-wiz, 1649024168213 2 how to access java static class member - Google ?? https://www.google.com/search?q=how+to+access+java+static+class+member&sxsrf=APq-WBsRs8uY10jFTL5-hc9_Z2qgrmobHQ%3A1649024007859&ei=BxxKYvf7M6e5ggf0sKPYDw&ved=0ahUKEwi3m9uR9fj2AhWnnOAKHXTYCPsQ4dUDCA4&uact=5&oq=how+to+access+java+static+class+member&gs_lcp=Cgdnd3Mtd2l6EAM6BwgAEEcQsAM6BAgjECc6CwguEIAEEMcBEKMCOgUIABCABDoLCC4QgAQQxwEQ0QM6BQguEIAEOgUIABDLAToECAAQDToGCAAQChATOgQIABATOggIABANEB4QEzoGCAAQDRAeOggIABANEAoQHjoKCAAQCBANEB4QEzoICAAQCBANEB46CggAEAgQDRAKEB46BwghEAoQoAE6BQghEKABSgQIQRgASgQIRhgAUN_VCFidtglg4LYJaBVwAXgBgAHkAogBtheSAQg0Mi4xLjAuMZgBAKABAcgBCsABAQ&sclient=gws-wiz, 1649024170137 1 Static variables in Java https://www.tutorialspoint.com/Static-variables-in-Java, 1649024277295 1 Why non-static variable cannot be referenced from a static context in Java - Javatpoint https://www.javatpoint.com/why-non-static-variable-cannot-be-referenced-from-a-static-context-in-java, 1649024349554 1 java - What is the reason behind "non-static method cannot be referenced from a static context"? - Stack Overflow https://stackoverflow.com/questions/290884/what-is-the-reason-behind-non-static-method-cannot-be-referenced-from-a-static, 1649024378664 3 how to access java static method - Google ?? https://www.google.com/search?q=how+to+access+java+static+method&sxsrf=APq-WBulnCrtjCLOf4cYT_dNXgec8KnLHA%3A1649024274146&ei=Eh1KYrHNCKnH_QbOjbgo&oq=how+to+access+java+static+me&gs_lcp=Cgdnd3Mtd2l6EAMYADIFCCEQoAEyBQghEKABMgUIIRCgAToHCAAQRxCwAzoECCMQJzoLCC4QgAQQxwEQowI6BQgAEIAEOgsILhCABBDHARCvAToECAAQQzoLCC4QgAQQxwEQ0QM6BQguEIAEOgUIABDLAUoECEEYAEoECEYYAFCREViYXWCBZGgFcAF4AIABcIgBlQ2SAQQyNS4ymAEAoAEByAEKwAEB&sclient=gws-wiz, 1649024359359 1 object - JAVA : Accessing static method properly - Stack Overflow https://stackoverflow.com/questions/13537443/java-accessing-static-method-properly, 1649025669788 2 COMP520/IdTable.java at c2f4a72c966dac7e7bc8b45818091f7a73c66ae2  CharlieZhang1999/COMP520  GitHub https://github.com/CharlieZhang1999/COMP520/blob/c2f4a72c966dac7e7bc8b45818091f7a73c66ae2/src/miniJava/ContextualAnalyzer/IdTable.java]
8,,Sun Apr 03 18:44:28 EDT 2022,IdentificationTable.java,1649025868374,323422,0,(F)2(I)2(F)2(I)1(F)6(I)2(R)2(I)3,0.4,0.0,0.0,50.0,0.0,0.0,0.06191950464396285,0.0,0.0,0.030959752321981424,0.0,0.006191950464396285,0.02476780185758514,3.0,[1649026104337 8 miniJava-Compiler/source/miniJava at 129fec001e530cb9150be1b8567a7564a40b104f  gmcdonagh/miniJava-Compiler  GitHub https://github.com/gmcdonagh/miniJava-Compiler/tree/129fec001e530cb9150be1b8567a7564a40b104f/source/miniJava, 1649026106511 2 miniJava-Compiler/source/miniJava/ContextualAnalyzer at 129fec001e530cb9150be1b8567a7564a40b104f  gmcdonagh/miniJava-Compiler  GitHub https://github.com/gmcdonagh/miniJava-Compiler/tree/129fec001e530cb9150be1b8567a7564a40b104f/source/miniJava/ContextualAnalyzer, 1649026108120 2 miniJava-Compiler/IdentificationTable.java at 129fec001e530cb9150be1b8567a7564a40b104f  gmcdonagh/miniJava-Compiler  GitHub https://github.com/gmcdonagh/miniJava-Compiler/blob/129fec001e530cb9150be1b8567a7564a40b104f/source/miniJava/ContextualAnalyzer/IdentificationTable.java]
9,,Sun Apr 03 18:49:51 EDT 2022,IdentificationTable.java,1649026191950,22943,0,(I)15(F)2(I)1(F)2,0.8,0.0,0.0,20.0,0.0,0.0,0.9090909090909091,0.0,0.0,0.18181818181818182,0.0,0.0,0.7272727272727273,0.0,[]
10,,Sun Apr 03 18:50:14 EDT 2022,IdentificationTable.java,1649026214963,38837,0,(F)2(R I)1(I)3(F)2(I)14,0.8181818181818182,0.0,0.0,18.181818181818183,0.0,0.0,0.5789473684210527,0.0,0.0,0.10526315789473684,0.0,0.02631578947368421,0.47368421052631576,0.0,[]
11,,Sun Apr 03 18:50:55 EDT 2022,IdentificationTable.java,1649026255146,46395,0,(I)6(R)2(I)13(R)2,0.8260869565217391,0.0,0.0,0.0,0.0,0.0,0.5,0.0,0.0,0.0,0.0,0.08695652173913043,0.41304347826086957,0.0,[]
12,,Sun Apr 03 18:51:41 EDT 2022,IdentificationTable.java,1649026301546,5461,5461,(R)2(I)7(R)2(I)1(R)1(I)11(R)1,0.76,0.0,0.0,0.0,0.0,0.0,5.0,0.0,0.0,0.0,0.0,1.2,3.8,0.0,[]
13,,Sun Apr 03 18:51:47 EDT 2022,IdentificationTable.java,1649026307175,283950,0,(R)1(I)13(F)6(I)2(F)1,0.6521739130434783,0.0,0.0,30.434782608695656,0.0,0.0,0.0812720848056537,0.0,0.0,0.024734982332155476,0.0,0.0035335689045936395,0.053003533568904596,0.0,[]
14,,Sun Apr 03 18:56:36 EDT 2022,TypeChecking.java,1649026596289,100945,0,(F)1(I)3(F)2(I)3(R)5(F)4(I)1(F)2,0.3333333333333333,0.0,0.0,42.857142857142854,0.0,0.0,0.21,0.0,0.0,0.09,0.0,0.05,0.07,0.0,[]
15,,Sun Apr 03 18:58:17 EDT 2022,Identification.java,1649026697245,82877,0,(I)1(F)2(I)17,0.9,0.0,0.0,10.0,0.0,0.0,0.24390243902439024,0.0,0.0,0.024390243902439025,0.0,0.0,0.21951219512195122,4.0,[1649026723070 6 COMP520/src/miniJava/ContextualAnalyzer at c2f4a72c966dac7e7bc8b45818091f7a73c66ae2  CharlieZhang1999/COMP520  GitHub https://github.com/CharlieZhang1999/COMP520/tree/c2f4a72c966dac7e7bc8b45818091f7a73c66ae2/src/miniJava/ContextualAnalyzer, 1649026734452 4 miniJava-Compiler/source/miniJava/ContextualAnalyzer at 129fec001e530cb9150be1b8567a7564a40b104f  gmcdonagh/miniJava-Compiler  GitHub https://github.com/gmcdonagh/miniJava-Compiler/tree/129fec001e530cb9150be1b8567a7564a40b104f/source/miniJava/ContextualAnalyzer, 1649026734839 2 miniJava-Compiler/IdentifyingVisitor.java at 129fec001e530cb9150be1b8567a7564a40b104f  gmcdonagh/miniJava-Compiler  GitHub https://github.com/gmcdonagh/miniJava-Compiler/blob/129fec001e530cb9150be1b8567a7564a40b104f/source/miniJava/ContextualAnalyzer/IdentifyingVisitor.java, 1649026745105 1 COMP520/IdChecker.java at c2f4a72c966dac7e7bc8b45818091f7a73c66ae2  CharlieZhang1999/COMP520  GitHub https://github.com/CharlieZhang1999/COMP520/blob/c2f4a72c966dac7e7bc8b45818091f7a73c66ae2/src/miniJava/ContextualAnalyzer/IdChecker.java]
16,,Sun Apr 03 18:59:40 EDT 2022,Identification.java,1649026780303,6629,6629,(I)18(R)2(I)5,0.92,0.0,0.0,0.0,0.0,0.0,4.166666666666667,0.0,0.0,0.0,0.0,0.3333333333333333,3.8333333333333335,0.0,[]
17,,Sun Apr 03 18:59:46 EDT 2022,Identification.java,1649026786935,10730,0,(I)12,1.0,0.0,0.0,0.0,0.0,0.0,1.2,0.0,0.0,0.0,0.0,0.0,1.2,0.0,[]
18,,Sun Apr 03 18:59:57 EDT 2022,Identification.java,1649026797858,3322,3322,(I)16(R)4(I)5,0.84,0.0,0.0,0.0,0.0,0.0,8.333333333333334,0.0,0.0,0.0,0.0,1.3333333333333333,7.0,0.0,[]
19,,Sun Apr 03 19:00:01 EDT 2022,Identification.java,1649026801185,9323,9323,(I)25,1.0,0.0,0.0,0.0,0.0,0.0,2.7777777777777777,0.0,0.0,0.0,0.0,0.0,2.7777777777777777,0.0,[]
20,,Sun Apr 03 19:00:10 EDT 2022,Identification.java,1649026810573,734,734,(I)25,1.0,0.0,0.0,0.0,0.0,0.0,0.0,0.0,0.0,0.0,0.0,null,0.0,0.0,[]
21,,Sun Apr 03 19:00:11 EDT 2022,Identification.java,1649026811637,1159,1159,(I)10(R)3(I)12,0.88,0.0,0.0,0.0,0.0,0.0,25.0,0.0,0.0,0.0,0.0,3.0,22.0,0.0,[]
22,,Sun Apr 03 19:00:13 EDT 2022,Identification.java,1649026813026,4428,4428,(I)3(R)3(I)8(R)2(I)4(R)2(I)3,0.72,0.0,0.0,0.0,0.0,0.0,6.25,0.0,0.0,0.0,0.0,1.75,4.5,0.0,[]
23,,Sun Apr 03 19:00:17 EDT 2022,Identification.java,1649026817597,1975,1975,(I)5(R)1(I)4(R)1(I)3(R)1(I)8(R)1(I)1,0.84,0.0,0.0,0.0,0.0,0.0,25.0,0.0,0.0,0.0,0.0,4.0,21.0,0.0,[]
24,,Sun Apr 03 19:00:19 EDT 2022,Identification.java,1649026819803,4066,4066,(I)3(R)1(I)3(R)1(I)4(R)2(I)4(R)2(I)5,0.76,0.0,0.0,0.0,0.0,0.0,6.25,0.0,0.0,0.0,0.0,1.5,4.75,0.0,[]
25,,Sun Apr 03 19:00:23 EDT 2022,Identification.java,1649026823965,3689,3689,(I)25,1.0,0.0,0.0,0.0,0.0,0.0,8.333333333333334,0.0,0.0,0.0,0.0,0.0,8.333333333333334,0.0,[]
26,,Sun Apr 03 19:00:27 EDT 2022,Identification.java,1649026827819,12860,0,(I)3(R)1(I)1(R I)1(I)5(R)1(I)13,0.92,0.0,0.0,0.0,0.0,0.0,2.0833333333333335,0.0,0.0,0.0,0.0,0.25,1.9166666666666667,0.0,[]
27,,Sun Apr 03 19:00:40 EDT 2022,Identification.java,1649026840761,813,813,(I)5(R)1(I)19,0.96,0.0,0.0,0.0,0.0,0.0,0.0,0.0,0.0,0.0,0.0,null,0.0,0.0,[]
28,,Sun Apr 03 19:00:41 EDT 2022,Identification.java,1649026841661,4170,4170,(I)15(R)1(I)9,0.96,0.0,0.0,0.0,0.0,0.0,6.25,0.0,0.0,0.0,0.0,0.25,6.0,0.0,[]
29,,Sun Apr 03 19:00:45 EDT 2022,Identification.java,1649026845886,5764,5764,(I)10(R)1(I)12,0.9565217391304348,0.0,0.0,0.0,0.0,0.0,4.6,0.0,0.0,0.0,0.0,0.2,4.4,0.0,[]
30,,Sun Apr 03 19:00:52 EDT 2022,Identification.java,1649026852100,300,300,(I)19(F)2(I)3,0.9166666666666666,0.0,0.0,8.333333333333332,0.0,0.0,0.0,0.0,0.0,0.0,0.0,null,0.0,0.0,[]
31,,Sun Apr 03 19:00:52 EDT 2022,Identification.java,1649026852602,15313,0,(I)25,1.0,0.0,0.0,0.0,0.0,0.0,1.6666666666666667,0.0,0.0,0.0,0.0,0.0,1.6666666666666667,0.0,[]
32,,Sun Apr 03 19:01:07 EDT 2022,Identification.java,1649026867916,63,63,(I)25,1.0,0.0,0.0,0.0,0.0,0.0,0.0,0.0,0.0,0.0,0.0,null,0.0,0.0,[]
33,,Sun Apr 03 19:01:07 EDT 2022,Identification.java,1649026867980,93,93,(I)25,1.0,0.0,0.0,0.0,0.0,0.0,0.0,0.0,0.0,0.0,0.0,null,0.0,0.0,[]
34,,Sun Apr 03 19:01:08 EDT 2022,Identification.java,1649026868075,138,138,(I)25,1.0,0.0,0.0,0.0,0.0,0.0,0.0,0.0,0.0,0.0,0.0,null,0.0,0.0,[]
35,,Sun Apr 03 19:01:08 EDT 2022,Identification.java,1649026868224,120,120,(I)25,1.0,0.0,0.0,0.0,0.0,0.0,0.0,0.0,0.0,0.0,0.0,null,0.0,0.0,[]
36,,Sun Apr 03 19:01:08 EDT 2022,Identification.java,1649026868345,126,126,(I)25,1.0,0.0,0.0,0.0,0.0,0.0,0.0,0.0,0.0,0.0,0.0,null,0.0,0.0,[]
37,,Sun Apr 03 19:01:08 EDT 2022,Identification.java,1649026868472,31,31,(I)25,1.0,0.0,0.0,0.0,0.0,0.0,0.0,0.0,0.0,0.0,0.0,null,0.0,0.0,[]
38,,Sun Apr 03 19:01:08 EDT 2022,Identification.java,1649026868504,37,37,(I)14(F)2(R)1(I)8,0.88,0.0,0.0,8.0,0.0,0.0,0.0,0.0,0.0,0.0,0.0,null,0.0,0.0,[]
39,,Sun Apr 03 19:01:08 EDT 2022,Identification.java,1649026868543,6920,6920,(I)13(F)2(R)1(I)9,0.88,0.0,0.0,8.0,0.0,0.0,4.166666666666667,0.0,0.0,0.3333333333333333,0.0,0.16666666666666666,3.6666666666666665,0.0,[]
40,,Sun Apr 03 19:01:15 EDT 2022,Identification.java,1649026875466,5599,5599,(I)9(R)6(I)4(R)2(I)2,0.6521739130434783,0.0,0.0,0.0,0.0,0.0,4.6,0.0,0.0,0.0,0.0,1.6,3.0,0.0,[]
41,,Sun Apr 03 19:01:21 EDT 2022,Identification.java,1649026881072,2443,2443,(I)25,1.0,0.0,0.0,0.0,0.0,0.0,12.5,0.0,0.0,0.0,0.0,0.0,12.5,0.0,[]
42,,Sun Apr 03 19:01:23 EDT 2022,Identification.java,1649026883938,4430,4430,(R)2(I)12(R)8(I)3,0.6,0.0,0.0,0.0,0.0,0.0,6.25,0.0,0.0,0.0,0.0,2.5,3.75,0.0,[]
43,,Sun Apr 03 19:01:28 EDT 2022,Identification.java,1649026888372,2830,2830,(I)25,1.0,0.0,0.0,0.0,0.0,0.0,12.5,0.0,0.0,0.0,0.0,0.0,12.5,0.0,[]
44,,Sun Apr 03 19:01:31 EDT 2022,Identification.java,1649026891407,2112,2112,(I)25,1.0,0.0,0.0,0.0,0.0,0.0,12.5,0.0,0.0,0.0,0.0,0.0,12.5,0.0,[]
45,,Sun Apr 03 19:01:33 EDT 2022,Identification.java,1649026893522,3573,3573,(I)25,1.0,0.0,0.0,0.0,0.0,0.0,8.333333333333334,0.0,0.0,0.0,0.0,0.0,8.333333333333334,0.0,[]
46,,Sun Apr 03 19:01:37 EDT 2022,Identification.java,1649026897196,10461,0,(I)22,1.0,0.0,0.0,0.0,0.0,0.0,2.2,0.0,0.0,0.0,0.0,0.0,2.2,0.0,[]
47,,Sun Apr 03 19:01:47 EDT 2022,Identification.java,1649026907660,3162,3162,(I)7(R)13(I)5,0.48,0.0,0.0,0.0,0.0,0.0,8.333333333333334,0.0,0.0,0.0,0.0,4.333333333333333,4.0,0.0,[]
48,,Sun Apr 03 19:01:50 EDT 2022,Identification.java,1649026910825,4656,4656,(I)11(R)2(I)4(R)1(I)5,0.8695652173913043,0.0,0.0,0.0,0.0,0.0,5.75,0.0,0.0,0.0,0.0,0.75,5.0,0.0,[]
49,,Sun Apr 03 19:01:55 EDT 2022,Identification.java,1649026915628,10496,0,(I)6(F)2(I)12,0.9,0.0,0.0,10.0,0.0,0.0,2.0,0.0,0.0,0.2,0.0,0.0,1.8,0.0,[]
50,,Sun Apr 03 19:02:06 EDT 2022,Identification.java,1649026926124,34337,0,(I)1(R)1(I)10(F)2(I)1(F)2(I)1(F)2(I)2,0.6818181818181818,0.0,0.0,27.27272727272727,0.0,0.0,0.6470588235294118,0.0,0.0,0.17647058823529413,0.0,0.029411764705882353,0.4411764705882353,0.0,[]
51,,Sun Apr 03 19:44:19 EDT 2022,Identification.java,1649029459574,209365,0,(I)14,1.0,0.0,0.0,0.0,0.0,0.0,0.06698564593301436,0.0,0.0,0.0,0.0,0.0,0.06698564593301436,0.0,[]
52,,Sun Apr 03 19:47:49 EDT 2022,Identification.java,1649029669049,538,538,(I)13(R)2(I)7,0.9090909090909091,0.0,0.0,0.0,0.0,0.0,0.0,0.0,0.0,0.0,0.0,null,0.0,0.0,[]
53,,Sun Apr 03 19:47:49 EDT 2022,Identification.java,1649029669720,5834,5834,(I)12(R)2(I)10,0.9166666666666666,0.0,0.0,0.0,0.0,0.0,4.8,0.0,0.0,0.0,0.0,0.4,4.4,0.0,[]
54,,Sun Apr 03 19:47:57 EDT 2022,Identification.java,1649029677515,19689,0,(I)15(R)2(I)8,0.92,0.0,0.0,0.0,0.0,0.0,1.3157894736842106,0.0,0.0,0.0,0.0,0.10526315789473684,1.2105263157894737,0.0,[]
55,,Sun Apr 03 19:48:17 EDT 2022,Identification.java,1649029697368,7985,7985,(I)6(R)2(I)7(R)2(I)8,0.84,0.0,0.0,0.0,0.0,0.0,3.5714285714285716,0.0,0.0,0.0,0.0,0.5714285714285714,3.0,0.0,[]
56,,Sun Apr 03 19:48:25 EDT 2022,Identification.java,1649029705488,4854,4854,(I)21(R)1,0.9545454545454546,0.0,0.0,0.0,0.0,0.0,5.5,0.0,0.0,0.0,0.0,0.25,5.25,0.0,[]
57,,Sun Apr 03 19:48:30 EDT 2022,Identification.java,1649029710344,2083,2083,(R)1(I)16(R)6,0.6956521739130435,0.0,0.0,0.0,0.0,0.0,11.5,0.0,0.0,0.0,0.0,3.5,8.0,0.0,[]
58,,Sun Apr 03 19:48:32 EDT 2022,Identification.java,1649029712583,2636,2636,(R)8(I)15,0.6521739130434783,0.0,0.0,0.0,0.0,0.0,11.5,0.0,0.0,0.0,0.0,4.0,7.5,0.0,[]
59,,Sun Apr 03 19:48:35 EDT 2022,Identification.java,1649029715223,7792,7792,(I)22,1.0,0.0,0.0,0.0,0.0,0.0,3.142857142857143,0.0,0.0,0.0,0.0,0.0,3.142857142857143,0.0,[]
60,,Sun Apr 03 19:48:43 EDT 2022,Identification.java,1649029723096,2322,2322,(I)7(R)1(I)16,0.9583333333333334,0.0,0.0,0.0,0.0,0.0,12.0,0.0,0.0,0.0,0.0,0.5,11.5,0.0,[]
61,,Sun Apr 03 19:48:45 EDT 2022,Identification.java,1649029725491,47965,0,(I)4(R)1(I)19,0.9583333333333334,0.0,0.0,0.0,0.0,0.0,0.5106382978723404,0.0,0.0,0.0,0.0,0.02127659574468085,0.48936170212765956,0.0,[]
62,,Sun Apr 03 19:49:34 EDT 2022,Identification.java,1649029774411,3207,3207,(I)20,1.0,0.0,0.0,0.0,0.0,0.0,6.666666666666667,0.0,0.0,0.0,0.0,0.0,6.666666666666667,0.0,[]
63,,Sun Apr 03 19:49:39 EDT 2022,Identification.java,1649029779220,3115,3115,(I)7(R)2(I)9(R)5,0.6956521739130435,0.0,0.0,0.0,0.0,0.0,7.666666666666667,0.0,0.0,0.0,0.0,2.3333333333333335,5.333333333333333,0.0,[]
64,,Sun Apr 03 19:49:43 EDT 2022,Identification.java,1649029783751,2494,2494,(R)1(I)6(R)4(I)1(R)4(I)5,0.5714285714285714,0.0,0.0,0.0,0.0,0.0,10.5,0.0,0.0,0.0,0.0,4.5,6.0,0.0,[]
65,,Sun Apr 03 19:49:46 EDT 2022,Identification.java,1649029786402,307332,0,(I)1(R)4(I)1(R I)1(I)1(R)1(I)13,0.7727272727272727,0.0,0.0,0.0,0.0,0.0,0.07166123778501629,0.0,0.0,0.0,0.0,0.019543973941368076,0.05537459283387622,0.0,[]
66,,Sun Apr 03 19:54:53 EDT 2022,Identification.java,1649030093735,2585,2585,(I)4(R)1(I)5(R)2(I)10,0.8636363636363636,0.0,0.0,0.0,0.0,0.0,11.0,0.0,0.0,0.0,0.0,1.5,9.5,0.0,[]
67,,Sun Apr 03 19:54:56 EDT 2022,Identification.java,1649030096701,11164,0,(I)1(R)1(I)5(R)2(I)16,0.88,0.0,0.0,0.0,0.0,0.0,2.272727272727273,0.0,0.0,0.0,0.0,0.2727272727272727,2.0,0.0,[]
68,,Sun Apr 03 19:55:08 EDT 2022,Identification.java,1649030108063,2515,2515,(I)5(R)1(I)9(R)1(I)2(R)1(I)1(R)1(I)4,0.84,0.0,0.0,0.0,0.0,0.0,12.5,0.0,0.0,0.0,0.0,2.0,10.5,0.0,[]
69,,Sun Apr 03 19:55:10 EDT 2022,Identification.java,1649030110766,13638,0,(I)5(R)1(I)2(R)1(I)2(R)2(I)12,0.84,0.0,0.0,0.0,0.0,0.0,1.9230769230769231,0.0,0.0,0.0,0.0,0.3076923076923077,1.6153846153846154,0.0,[]
70,,Sun Apr 03 19:55:24 EDT 2022,Identification.java,1649030124750,6839,6839,(I)21,1.0,0.0,0.0,0.0,0.0,0.0,3.5,0.0,0.0,0.0,0.0,0.0,3.5,0.0,[]
71,,Sun Apr 03 19:55:31 EDT 2022,Identification.java,1649030131735,4852,4852,(I)18(R)1(I)2(R)1(I)3,0.92,0.0,0.0,0.0,0.0,0.0,6.25,0.0,0.0,0.0,0.0,0.5,5.75,0.0,[]
72,,Sun Apr 03 19:55:32 EDT 2022,Identification.java,1649030132893,4961,4961,(I)3(R)1(I)2(R)1(I)17,0.9166666666666666,0.0,0.0,0.0,0.0,0.0,6.0,0.0,0.0,0.0,0.0,0.5,5.5,0.0,[]
73,,Sun Apr 03 19:55:37 EDT 2022,Identification.java,1649030137967,3630,3630,(I)11(R)2(I)10(R)2,0.84,0.0,0.0,0.0,0.0,0.0,8.333333333333334,0.0,0.0,0.0,0.0,1.3333333333333333,7.0,0.0,[]
74,,Sun Apr 03 19:55:42 EDT 2022,Identification.java,1649030142226,5851,5851,(I)12(R)3(I)2(F)2(I)2(R)1,0.7272727272727273,0.0,0.0,9.090909090909092,0.0,0.0,4.4,0.0,0.0,0.4,0.0,0.8,3.2,0.0,[]
75,,Sun Apr 03 19:55:48 EDT 2022,Identification.java,1649030148238,35642,0,(R)2(I)2(R)1(I)1(R)1(I)15(R)1,0.782608695652174,0.0,0.0,0.0,0.0,0.0,0.6571428571428571,0.0,0.0,0.0,0.0,0.14285714285714285,0.5142857142857142,0.0,[]
76,,Sun Apr 03 19:56:23 EDT 2022,Identification.java,1649030183973,1382,1382,(I)17(R)1(I)5,0.9565217391304348,0.0,0.0,0.0,0.0,0.0,23.0,0.0,0.0,0.0,0.0,1.0,22.0,0.0,[]
77,,Sun Apr 03 19:56:25 EDT 2022,Identification.java,1649030185539,6677,6677,(I)7(R)1(I)6(R)1(I)8,0.9130434782608695,0.0,0.0,0.0,0.0,0.0,3.8333333333333335,0.0,0.0,0.0,0.0,0.3333333333333333,3.5,0.0,[]
78,,Sun Apr 03 19:56:32 EDT 2022,Identification.java,1649030192851,3732,3732,(I)24(R)1,0.96,0.0,0.0,0.0,0.0,0.0,8.333333333333334,0.0,0.0,0.0,0.0,0.3333333333333333,8.0,0.0,[]
79,,Sun Apr 03 19:56:36 EDT 2022,Identification.java,1649030196586,11409,0,(R)1(I)21,0.9545454545454546,0.0,0.0,0.0,0.0,0.0,2.0,0.0,0.0,0.0,0.0,0.09090909090909091,1.9090909090909092,0.0,[]
80,,Sun Apr 03 19:56:48 EDT 2022,Identification.java,1649030208148,3626,3626,(I)8(R)1(I)6(R)1(I)5,0.9047619047619048,0.0,0.0,0.0,0.0,0.0,7.0,0.0,0.0,0.0,0.0,0.6666666666666666,6.333333333333333,0.0,[]
81,,Sun Apr 03 19:56:52 EDT 2022,Identification.java,1649030212039,6600,6600,(I)7(R)1(I)5(R)1(I)8(R)2,0.8333333333333334,0.0,0.0,0.0,0.0,0.0,4.0,0.0,0.0,0.0,0.0,0.6666666666666666,3.3333333333333335,0.0,[]
82,,Sun Apr 03 19:56:59 EDT 2022,Identification.java,1649030219025,74323,0,(I)5(R)3(I)6(R)1(I)10,0.84,0.0,0.0,0.0,0.0,0.0,0.33783783783783783,0.0,0.0,0.0,0.0,0.05405405405405406,0.28378378378378377,0.0,[]
83,,Sun Apr 03 19:58:13 EDT 2022,Identification.java,1649030293440,13399,0,(I)20,1.0,0.0,0.0,0.0,0.0,0.0,1.5384615384615385,0.0,0.0,0.0,0.0,0.0,1.5384615384615385,0.0,[]
84,,Sun Apr 03 19:58:26 EDT 2022,Identification.java,1649030306848,5801,5801,(I)5(R)4(I)3(R)1(I)10,0.782608695652174,0.0,0.0,0.0,0.0,0.0,4.6,0.0,0.0,0.0,0.0,1.0,3.6,0.0,[]
85,,Sun Apr 03 19:58:32 EDT 2022,Identification.java,1649030312651,9955,9955,(I)13,1.0,0.0,0.0,0.0,0.0,0.0,1.4444444444444444,0.0,0.0,0.0,0.0,0.0,1.4444444444444444,0.0,[]
86,,Sun Apr 03 19:58:42 EDT 2022,Identification.java,1649030322613,3976,3976,(I)1(R)1(I)16(R)1,0.8947368421052632,0.0,0.0,0.0,0.0,0.0,6.333333333333333,0.0,0.0,0.0,0.0,0.6666666666666666,5.666666666666667,0.0,[]
87,,Sun Apr 03 19:58:46 EDT 2022,Identification.java,1649030326733,-146,-146,(R)1(I)2(R)1(I)2(R)1(I)1(R)1(I)14(R)1,0.7916666666666666,0.0,0.0,0.0,0.0,0.0,0.0,0.0,0.0,0.0,0.0,null,0.0,0.0,[]
88,,Sun Apr 03 19:58:46 EDT 2022,Identification.java,1649030326731,15402,0,(R)1(I)2(R)1(I)2(R)1(I)1(R)1(I)16,0.84,0.0,0.0,0.0,0.0,0.0,1.6666666666666667,0.0,0.0,0.0,0.0,0.26666666666666666,1.4,0.0,[]
89,,Sun Apr 03 19:59:02 EDT 2022,Identification.java,1649030342284,7691,7691,(I)19,1.0,0.0,0.0,0.0,0.0,0.0,2.7142857142857144,0.0,0.0,0.0,0.0,0.0,2.7142857142857144,0.0,[]
90,,Sun Apr 03 19:59:11 EDT 2022,Identification.java,1649030351486,10623,0,(I)7,1.0,0.0,0.0,0.0,0.0,0.0,0.7,0.0,0.0,0.0,0.0,0.0,0.7,0.0,[]
91,,Sun Apr 03 19:59:22 EDT 2022,Identification.java,1649030362387,842,842,(I)8(R)2(I)13,0.9130434782608695,0.0,0.0,0.0,0.0,0.0,0.0,0.0,0.0,0.0,0.0,null,0.0,0.0,[]
92,,Sun Apr 03 19:59:23 EDT 2022,Identification.java,1649030363232,10129,0,(I)21,1.0,0.0,0.0,0.0,0.0,0.0,2.1,0.0,0.0,0.0,0.0,0.0,2.1,0.0,[]
93,,Sun Apr 03 19:59:33 EDT 2022,Identification.java,1649030373570,417,417,(I)3(R)2(I)3(R)1(I)16,0.88,0.0,0.0,0.0,0.0,0.0,0.0,0.0,0.0,0.0,0.0,null,0.0,0.0,[]
94,,Sun Apr 03 19:59:34 EDT 2022,Identification.java,1649030374415,2951,2951,(R)2(I)3(R)1(I)5(R)2(I)3(R)3(I)5,0.6666666666666666,0.0,0.0,0.0,0.0,0.0,12.0,0.0,0.0,0.0,0.0,4.0,8.0,0.0,[]
95,,Sun Apr 03 19:59:38 EDT 2022,Identification.java,1649030378641,7055,7055,(I)3(R)2(I)3(R)3(I)7(R)1(I)6,0.76,0.0,0.0,0.0,0.0,0.0,3.5714285714285716,0.0,0.0,0.0,0.0,0.8571428571428571,2.7142857142857144,0.0,[]
96,,Sun Apr 03 19:59:46 EDT 2022,Identification.java,1649030386083,1382,1382,(R)1(I)9(R)1(I)1(R)2(I)11,0.84,0.0,0.0,0.0,0.0,0.0,25.0,0.0,0.0,0.0,0.0,4.0,21.0,0.0,[]
97,,Sun Apr 03 19:59:47 EDT 2022,Identification.java,1649030387648,5595,5595,(I)2(R)1(I)1(R)2(I)8(R)1(I)6(R)1(I)3,0.8,0.0,0.0,0.0,0.0,0.0,5.0,0.0,0.0,0.0,0.0,1.0,4.0,0.0,[]
98,,Sun Apr 03 19:59:53 EDT 2022,Identification.java,1649030393452,9307,9307,(I)1(R)1(I)1(R)1(I)14(R)2(I)5,0.84,0.0,0.0,0.0,0.0,0.0,2.7777777777777777,0.0,0.0,0.0,0.0,0.4444444444444444,2.3333333333333335,0.0,[]
99,,Sun Apr 03 20:00:02 EDT 2022,Identification.java,1649030402984,832,832,(I)4(R)1(I)1(R)1(I)4(R)2(I)7,0.8,0.0,0.0,0.0,0.0,0.0,0.0,0.0,0.0,0.0,0.0,null,0.0,0.0,[]
100,,Sun Apr 03 20:00:05 EDT 2022,Identification.java,1649030405568,6447,6447,(I)24,1.0,0.0,0.0,0.0,0.0,0.0,4.0,0.0,0.0,0.0,0.0,0.0,4.0,0.0,[]
101,,Sun Apr 03 20:00:12 EDT 2022,Identification.java,1649030412024,2576,2576,(I)19(R)4,0.8260869565217391,0.0,0.0,0.0,0.0,0.0,11.5,0.0,0.0,0.0,0.0,2.0,9.5,0.0,[]
102,,Sun Apr 03 20:00:14 EDT 2022,Identification.java,1649030414735,5084,5084,(R)2(I)22,0.9166666666666666,0.0,0.0,0.0,0.0,0.0,4.8,0.0,0.0,0.0,0.0,0.4,4.4,0.0,[]
103,,Sun Apr 03 20:00:19 EDT 2022,Identification.java,1649030419860,4171,4171,(I)21(R)3,0.875,0.0,0.0,0.0,0.0,0.0,6.0,0.0,0.0,0.0,0.0,0.75,5.25,0.0,[]
104,,Sun Apr 03 20:00:24 EDT 2022,Identification.java,1649030424033,5080,5080,(R)3(I)22,0.88,0.0,0.0,0.0,0.0,0.0,5.0,0.0,0.0,0.0,0.0,0.6,4.4,0.0,[]
105,,Sun Apr 03 20:00:29 EDT 2022,Identification.java,1649030429114,6278,6278,(R)2(I)1(R)2(I)15,0.8,0.0,0.0,0.0,0.0,0.0,3.3333333333333335,0.0,0.0,0.0,0.0,0.6666666666666666,2.6666666666666665,0.0,[]
106,,Sun Apr 03 20:00:35 EDT 2022,Identification.java,1649030435598,8763,8763,(I)9(R)1(I)2(R)1(I)5(R)2,0.8,0.0,0.0,0.0,0.0,0.0,2.5,0.0,0.0,0.0,0.0,0.5,2.0,0.0,[]
107,,Sun Apr 03 20:00:44 EDT 2022,Identification.java,1649030444633,13222,0,(I)1(R)1(I)10(R)2(I)1(R)1(I)8,0.8333333333333334,0.0,0.0,0.0,0.0,0.0,1.8461538461538463,0.0,0.0,0.0,0.0,0.3076923076923077,1.5384615384615385,0.0,[]
108,,Sun Apr 03 20:00:58 EDT 2022,Identification.java,1649030458014,5047,5047,(I)2(R)2(I)8(R)2(I)8,0.8181818181818182,0.0,0.0,0.0,0.0,0.0,4.4,0.0,0.0,0.0,0.0,0.8,3.6,0.0,[]
109,,Sun Apr 03 20:01:03 EDT 2022,Identification.java,1649030463233,4928,4928,(I)5,1.0,0.0,0.0,0.0,0.0,0.0,1.25,0.0,0.0,0.0,0.0,0.0,1.25,0.0,[]
110,,Sun Apr 03 20:01:08 EDT 2022,FieldDecl.java,1649030468827,-7252,-7252,(I)20(R)1(I)3,0.9583333333333334,0.0,0.0,0.0,0.0,0.0,0.0,0.0,0.0,0.0,0.0,null,0.0,0.0,[]
111,,Sun Apr 03 20:01:02 EDT 2022,Identification.java,1649030462303,254649,0,(I)20,1.0,0.0,0.0,0.0,0.0,0.0,0.07874015748031496,0.0,0.0,0.0,0.0,0.0,0.07874015748031496,0.0,[]
112,,Sun Apr 03 20:05:51 EDT 2022,QualRef.java,1649030751847,81189,0,(I)6(F)2(I)1(F)2(I)4,0.7333333333333333,0.0,0.0,26.666666666666668,0.0,0.0,0.18518518518518517,0.0,0.0,0.04938271604938271,0.0,0.0,0.13580246913580246,0.0,[]
113,,Sun Apr 03 20:07:13 EDT 2022,ArrayType.java,1649030833848,3167315,0,(I)6(F)2(I)5(F)2(I)2,0.7647058823529411,0.0,0.0,23.52941176470588,0.0,0.0,0.0053678560151563,0.0,0.0,0.0012630249447426586,0.0,0.0,0.004104831070413641,13.0,[1649033896042 121 Sakai @ UNC-Chapel Hill : Home : Announcements https://sakai.unc.edu/sakai-login-tool/container, 1649033895142 105 UNC-Chapel Hill Single Sign-On https://sso.unc.edu/idp/profile/SAML2/Redirect/SSO?execution=e1s1, 1649033915590 44 Sakai @ UNC-Chapel Hill : ENGL494.001.SP22 : Overview https://sakai.unc.edu/portal/site/984ccbbc-758f-433a-99b6-ffe0607e9600, 1649033916493 38  https://sakai.unc.edu/portal/tool/223075fb-f689-45d2-9024-54bbb05606f8/synMainLite?time=1, 1649033913461 41 Sakai @ UNC-Chapel Hill : HIST101.006.SP22 : Overview https://sakai.unc.edu/portal/site/c71e8671-71eb-45fd-a651-fe56ed912af6, 1649033916773 29 Sakai @ UNC-Chapel Hill : ARTS106.002.SP22 : Overview https://sakai.unc.edu/portal/site/b1cad346-c603-4d6f-9dd2-a15fed2c446d, 1649033898155 46 Sakai @ UNC-Chapel Hill : HIST101.603.SP22 : Overview https://sakai.unc.edu/portal/site/dd3aee0b-aca7-42cd-8f9e-08126cb971cf, 1649033899084 27  https://sakai.unc.edu/portal/tool/5faf8cbe-5620-4042-be2c-a6755886afd9/synMainLite?time=1, 1649033914571 24  https://sakai.unc.edu/portal/tool/1fe24677-066e-4703-b4c6-8edd446dbc41/synMainLite?time=1, 1649033917830 16 Sakai @ UNC-Chapel Hill : ARTS106.002.SP22 : Syllabus https://sakai.unc.edu/portal/site/b1cad346-c603-4d6f-9dd2-a15fed2c446d/tool/34f65776-1b7a-47ec-af63-40303c3bc951, 1649033900751 22 Sakai @ UNC-Chapel Hill : HIST101.603.SP22 : Assignments https://sakai.unc.edu/portal/site/dd3aee0b-aca7-42cd-8f9e-08126cb971cf/tool/13916866-cfeb-4fe7-a93e-cb17e7c69d1c, 1649033921182 5 Syllabus-1-5.pdf https://sakai.unc.edu/access/content/attachment/b1cad346-c603-4d6f-9dd2-a15fed2c446d/Syllabus/ef209228-6529-4f50-b725-8d603eced40e/Syllabus-1-5.pdf, 1649033892613 1 UNC-Chapel Hill Single Sign-On https://sso.unc.edu/idp/profile/SAML2/Redirect/SSO?SAMLRequest=fZJbb4IwGIb%2FCum9FKsoa4SE6cVM3CTCdrGbpcLHaAYt61d2%2BPdDccYli0nv%2Bh76PukCRVO3PO5spXbw3gFa56upFfLjRUg6o7gWKJEr0QBym%2FM0vt9w5nq8NdrqXNfEiRHBWKnVUivsGjApmA%2BZw%2BNuE5LK2hY5pSjehHQ7lbtQdDSt5H6va7CVi6jpIZTRZJtmxFn1r5BKHPIu3KjPXlm0tC8vZQ0n4w4KaSC3NE23xFmvQvJSgigDP5jPJnM2hRs2mfrjYhb4osxvPD8IehliB2uFVigbEuYxNvKm%2Fck8j%2FsBH7Nn4iSnjbdSFVK9XgeyH0TI77IsGQ1jnsDgcUgvINHigJUfi80F6Oux4pcuif5niWeWC3pRMLS1%2FKFPXK8SXcv824nrWn8uDQgLIRkTGg2Wv38g%2BgE%3D&RelayState=ss%3Amem%3A101aa50599cdc38f912f7556152fbff3b11647b4260f3b3bb252ac2e1c6c150b&SigAlg=http%3A%2F%2Fwww.w3.org%2F2001%2F04%2Fxmldsig-more%23rsa-sha256&Signature=MHAfmy4z%2FCsftP7RufGcEw%2BRjWFVo0gvsCZS2GU%2Bn9poOg2pfjiMJ69%2FLKB6fBdZNqnoGdBeERs4aqjnyMsRLgE5C6BOUC6Ozi7RB3dK9bM6IyyMpYYjKHlyKs%2FW1EFCa6i4yOgGOROp0e1d3dfjb8qDpLXgXRmdcY68gy5daN2sjmRkT8TB73zU8nZjnHMVhLDj00oXxjrJnQXMdG%2Bj2jC0%2BruzSMdR1sT%2Ftk64WAzHEx%2Fbdf6fSuaJCNSrODSb%2FRffQLi1pUqnrUJbklLmuV8GYt7GcUaD0opxhOej3lAuzu5FjCwNDV%2BYNSvu8iH4P%2BEbEfjU7uamyATO8JMGmg%3D%3D]
114,,Sun Apr 03 21:00:01 EDT 2022,Identification.java,1649034001262,30182,0,(I)17,1.0,0.0,0.0,0.0,0.0,0.0,0.5666666666666667,0.0,0.0,0.0,0.0,0.0,0.5666666666666667,0.0,[]
115,,Sun Apr 03 21:00:31 EDT 2022,IdentificationTable.java,1649034031271,10371,0,(F)2(I)2(F)2(I)15,0.8095238095238095,0.0,0.0,19.047619047619047,0.0,0.0,2.1,0.0,0.0,0.4,0.0,0.0,1.7,0.0,[]
116,,Sun Apr 03 21:00:41 EDT 2022,IdentificationTable.java,1649034041642,11222,0,(I)12(F)2(I)8,0.9090909090909091,0.0,0.0,9.090909090909092,0.0,0.0,2.0,0.0,0.0,0.18181818181818182,0.0,0.0,1.8181818181818181,0.0,[]
117,,Sun Apr 03 21:00:53 EDT 2022,IdentificationTable.java,1649034053215,1204156,0,(I)4(F)2(I)1(F)1(I)9(F)1(I)5,0.8260869565217391,0.0,0.0,17.391304347826086,0.0,0.0,0.01910299003322259,0.0,0.0,0.0033222591362126247,0.0,0.0,0.015780730897009966,3.0,[1649035237769 8 COMP520/src/miniJava/ContextualAnalyzer at c2f4a72c966dac7e7bc8b45818091f7a73c66ae2  CharlieZhang1999/COMP520  GitHub https://github.com/CharlieZhang1999/COMP520/tree/c2f4a72c966dac7e7bc8b45818091f7a73c66ae2/src/miniJava/ContextualAnalyzer, 1649035240255 4 COMP520/IdTable.java at c2f4a72c966dac7e7bc8b45818091f7a73c66ae2  CharlieZhang1999/COMP520  GitHub https://github.com/CharlieZhang1999/COMP520/blob/c2f4a72c966dac7e7bc8b45818091f7a73c66ae2/src/miniJava/ContextualAnalyzer/IdTable.java, 1649035237619 2 COMP520/IdChecker.java at c2f4a72c966dac7e7bc8b45818091f7a73c66ae2  CharlieZhang1999/COMP520  GitHub https://github.com/CharlieZhang1999/COMP520/blob/c2f4a72c966dac7e7bc8b45818091f7a73c66ae2/src/miniJava/ContextualAnalyzer/IdChecker.java]
118,,Sun Apr 03 21:20:57 EDT 2022,IdentificationTable.java,1649035257467,5304,5304,(I)15(R)1(I)8,0.9583333333333334,0.0,0.0,0.0,0.0,0.0,4.8,0.0,0.0,0.0,0.0,0.2,4.6,0.0,[]
119,,Sun Apr 03 21:21:03 EDT 2022,IdentificationTable.java,1649035263179,5383,5383,(R)1(I)2(R)1(I)7(R)1(I)9(R)1(I)2,0.8333333333333334,0.0,0.0,0.0,0.0,0.0,4.8,0.0,0.0,0.0,0.0,0.8,4.0,0.0,[]
120,,Sun Apr 03 21:21:08 EDT 2022,IdentificationTable.java,1649035268635,1784,1784,(I)11(R)1(I)13,0.96,0.0,0.0,0.0,0.0,0.0,25.0,0.0,0.0,0.0,0.0,1.0,24.0,0.0,[]
121,,Sun Apr 03 21:21:10 EDT 2022,IdentificationTable.java,1649035270723,5969,5969,(I)23,1.0,0.0,0.0,0.0,0.0,0.0,4.6,0.0,0.0,0.0,0.0,0.0,4.6,0.0,[]
122,,Sun Apr 03 21:21:22 EDT 2022,IdentificationTable.java,1649035282053,10158,0,(F)6(I)19,0.76,0.0,0.0,24.0,0.0,0.0,2.5,0.0,0.0,0.6,0.0,0.0,1.9,0.0,[]
123,,Sun Apr 03 21:21:32 EDT 2022,IdentificationTable.java,1649035292745,4134,4134,(R)1(I)4(R)2(I)4(R)1(I)4(R)3(I)6,0.72,0.0,0.0,0.0,0.0,0.0,6.25,0.0,0.0,0.0,0.0,1.75,4.5,0.0,[]
124,,Sun Apr 03 21:21:37 EDT 2022,IdentificationTable.java,1649035297007,4036,4036,(I)6(R)1(I)18,0.96,0.0,0.0,0.0,0.0,0.0,6.25,0.0,0.0,0.0,0.0,0.25,6.0,0.0,[]
125,,Sun Apr 03 21:21:41 EDT 2022,IdentificationTable.java,1649035301649,5110,5110,(I)20(R)1(I)4,0.96,0.0,0.0,0.0,0.0,0.0,5.0,0.0,0.0,0.0,0.0,0.2,4.8,0.0,[]
126,,Sun Apr 03 21:21:46 EDT 2022,IdentificationTable.java,1649035306916,32827,0,(I)2(R)1(I)3(F)2(I)12,0.85,0.0,0.0,10.0,0.0,0.0,0.625,0.0,0.0,0.0625,0.0,0.03125,0.53125,0.0,[]
127,,Sun Apr 03 21:22:20 EDT 2022,IdentificationTable.java,1649035340151,17708,0,(I)1(R)1(I)2(R)1(I)20,0.92,0.0,0.0,0.0,0.0,0.0,1.4705882352941178,0.0,0.0,0.0,0.0,0.11764705882352941,1.3529411764705883,0.0,[]
128,,Sun Apr 03 21:22:37 EDT 2022,IdentificationTable.java,1649035357862,270065,0,(I)9(F)2(I)1(F)2(I)2(F)1(I)1(F)1(I)3,0.7272727272727273,0.0,0.0,27.27272727272727,0.0,0.0,0.08148148148148149,0.0,0.0,0.022222222222222223,0.0,0.0,0.05925925925925926,18.0,[1649035525471 8 GitHub: Where the world builds software  GitHub https://github.com/, 1649035521869 1 Search  Stack<HashMap<String, Declaration>>  GitHub https://github.com/gmcdonagh/miniJava-Compiler/search?q=Stack%3CHashMap%3CString%2C+Declaration%3E%3E, 1649035523550 1 Search  Stack<HashMap<String, Declaration>>  GitHub https://github.com/gmcdonagh/miniJava-Compiler/search?q=Stack%3CHashMap%3CString%2C+Declaration%3E%3E&type=commits, 1649035524005 1 Search  Stack<HashMap<String, Declaration>>  GitHub https://github.com/gmcdonagh/miniJava-Compiler/search?q=Stack%3CHashMap%3CString%2C+Declaration%3E%3E&type=code, 1649035530947 2 Sign in to GitHub  GitHub https://github.com/search?q=Stack%3CHashMap%3CString%2C+Declaration%3E%3E, 1649035551307 6 Search  Stack<HashMap<String, Declaration>> https://github.com/search?q=Stack%3CHashMap%3CString%2C+Declaration%3E%3E&type=commits, 1649035552720 9 Search  Stack<HashMap<String, Declaration>> https://github.com/search?q=Stack%3CHashMap%3CString%2C+Declaration%3E%3E&type=code, 1649035531205 1 Sign in to GitHub  GitHub https://github.com/login?return_to=https%3A%2F%2Fgithub.com%2Fsearch%3Fq%3DStack%253CHashMap%253CString%252C%2BDeclaration%253E%253E%26type%3Dcode, 1649035544155 2 Search  Stack<HashMap<String, Declaration>> https://github.com/search?q=Stack%3CHashMap%3CString%2C+Declaration%3E%3E&type=issues, 1649035548157 4 Search  Stack<HashMap<String, Declaration>> https://github.com/search?q=Stack%3CHashMap%3CString%2C+Declaration%3E%3E&type=discussions, 1649035572746 2 Search  miniJava contextualanaly https://github.com/search?q=miniJava+contextualanaly&type=code, 1649035572215 1 Search  miniJava contextualanaly https://github.com/search?q=miniJava+contextualanaly&type=commits, 1649035577534 1 Search  miniJava contextual analy https://github.com/search?q=miniJava+contextual+analy&type=code, 1649035580243 1 GitHub  Where software is built https://github.com/search/advanced?q=miniJava+contextual+analy, 1649035588677 1 Search  astr https://github.com/search?q=astr, 1649035590657 1 Search  astr https://github.com/search?q=astr&type=code, 1649035595269 1 Search  minijava https://github.com/search?q=minijava&type=code, 1649035618415 1 Search  import miniJava.AbstractSyntaxTrees.Declaration; https://github.com/search?q=import+miniJava.AbstractSyntaxTrees.Declaration%3B&type=code]
129,,Sun Apr 03 21:27:09 EDT 2022,IdentificationTable.java,1649035629071,100796,0,(I)1(F)2(I)3(F)2(I)15,0.8260869565217391,0.0,0.0,17.391304347826086,0.0,0.0,0.23,0.0,0.0,0.04,0.0,0.0,0.19,2.0,[1649035667194 6 miniJava-Compiler/source/miniJava/ContextualAnalyzer at 129fec001e530cb9150be1b8567a7564a40b104f  gmcdonagh/miniJava-Compiler https://github.com/gmcdonagh/miniJava-Compiler/tree/129fec001e530cb9150be1b8567a7564a40b104f/source/miniJava/ContextualAnalyzer, 1649035667568 4 miniJava-Compiler/IdentifyingVisitor.java at 129fec001e530cb9150be1b8567a7564a40b104f  gmcdonagh/miniJava-Compiler https://github.com/gmcdonagh/miniJava-Compiler/blob/129fec001e530cb9150be1b8567a7564a40b104f/source/miniJava/ContextualAnalyzer/IdentifyingVisitor.java]
130,,Sun Apr 03 21:28:50 EDT 2022,FieldDecl.java,1649035730075,83497,0,(I)15(R)4(I)6,0.84,0.0,0.0,0.0,0.0,0.0,0.30120481927710846,0.0,0.0,0.0,0.0,0.04819277108433735,0.25301204819277107,0.0,[]
131,,Sun Apr 03 21:30:13 EDT 2022,IdentificationTable.java,1649035813692,69277,0,(I)7(R)4(I)10,0.8095238095238095,0.0,0.0,0.0,0.0,0.0,0.30434782608695654,0.0,0.0,0.0,0.0,0.057971014492753624,0.2463768115942029,0.0,[]
132,,Sun Apr 03 21:31:23 EDT 2022,IdentificationTable.java,1649035883026,4927,4927,(I)23(R)1,0.9583333333333334,0.0,0.0,0.0,0.0,0.0,6.0,0.0,0.0,0.0,0.0,0.25,5.75,0.0,[]
133,,Sun Apr 03 21:31:28 EDT 2022,IdentificationTable.java,1649035888132,161284,0,(R)1(I)17(F)2(I)2,0.8636363636363636,0.0,0.0,9.090909090909092,0.0,0.0,0.13664596273291926,0.0,0.0,0.012422360248447204,0.0,0.006211180124223602,0.11801242236024845,0.0,[]
134,,Sun Apr 03 21:34:10 EDT 2022,IdentificationTable.java,1649036050128,13087,0,(I)10(R)1(I)6(R)1(I)6,0.9166666666666666,0.0,0.0,0.0,0.0,0.0,1.8461538461538463,0.0,0.0,0.0,0.0,0.15384615384615385,1.6923076923076923,0.0,[]
135,,Sun Apr 03 21:34:23 EDT 2022,IdentificationTable.java,1649036063217,5732,5732,(I)13(F)2(I)1(F)1(I)5,0.8636363636363636,0.0,0.0,13.636363636363635,0.0,0.0,4.4,0.0,0.0,0.6,0.0,0.0,3.8,0.0,[]
136,,Sun Apr 03 21:34:44 EDT 2022,IdentificationTable.java,1649036084092,516,516,(I)10(R)2(I)4(R)3(F)1(I)5,0.76,0.0,0.0,4.0,0.0,0.0,0.0,0.0,0.0,0.0,0.0,null,0.0,0.0,[]
137,,Sun Apr 03 21:34:44 EDT 2022,IdentificationTable.java,1649036084716,5899,5899,(I)6(R)2(I)4(R)12(I)1,0.44,0.0,0.0,0.0,0.0,0.0,5.0,0.0,0.0,0.0,0.0,2.8,2.2,0.0,[]
138,,Sun Apr 03 21:34:49 EDT 2022,IdentificationTable.java,1649036089429,24826,0,(R)9(I)13,0.5909090909090909,0.0,0.0,0.0,0.0,0.0,0.9166666666666666,0.0,0.0,0.0,0.0,0.375,0.5416666666666666,0.0,[]
139,,Sun Apr 03 21:35:14 EDT 2022,IdentificationTable.java,1649036114879,29256,0,(I)2(R)4(I)17,0.8260869565217391,0.0,0.0,0.0,0.0,0.0,0.7931034482758621,0.0,0.0,0.0,0.0,0.13793103448275862,0.6551724137931034,0.0,[]
140,,Sun Apr 03 21:35:44 EDT 2022,IdentificationTable.java,1649036144271,1477,1477,(I)4(R)2(I)14(R)2(I)3,0.84,0.0,0.0,0.0,0.0,0.0,25.0,0.0,0.0,0.0,0.0,4.0,21.0,0.0,[]
141,,Sun Apr 03 21:35:47 EDT 2022,IdentificationTable.java,1649036147854,19265,0,(I)25,1.0,0.0,0.0,0.0,0.0,0.0,1.3157894736842106,0.0,0.0,0.0,0.0,0.0,1.3157894736842106,0.0,[]
142,,Sun Apr 03 21:36:07 EDT 2022,IdentificationTable.java,1649036167568,1060,1060,(I)3(R)5(I)15(R)2,0.72,0.0,0.0,0.0,0.0,0.0,25.0,0.0,0.0,0.0,0.0,7.0,18.0,0.0,[]
143,,Sun Apr 03 21:36:08 EDT 2022,IdentificationTable.java,1649036168794,3934,3934,(R)3(I)22,0.88,0.0,0.0,0.0,0.0,0.0,8.333333333333334,0.0,0.0,0.0,0.0,1.0,7.333333333333333,0.0,[]
144,,Sun Apr 03 21:36:12 EDT 2022,IdentificationTable.java,1649036172916,1276,1276,(I)14(R)2(I)9,0.92,0.0,0.0,0.0,0.0,0.0,25.0,0.0,0.0,0.0,0.0,2.0,23.0,0.0,[]
145,,Sun Apr 03 21:36:14 EDT 2022,IdentificationTable.java,1649036174631,64674,0,(I)22,1.0,0.0,0.0,0.0,0.0,0.0,0.34375,0.0,0.0,0.0,0.0,0.0,0.34375,0.0,[]
146,,Sun Apr 03 21:37:19 EDT 2022,IdentificationTable.java,1649036239674,11026,0,(I)10(R)4(I)8(R)2,0.75,0.0,0.0,0.0,0.0,0.0,2.1818181818181817,0.0,0.0,0.0,0.0,0.5454545454545454,1.6363636363636365,0.0,[]
147,,Sun Apr 03 21:37:30 EDT 2022,IdentificationTable.java,1649036250860,17606,0,(R)2(I)16(R)4,0.7272727272727273,0.0,0.0,0.0,0.0,0.0,1.2941176470588236,0.0,0.0,0.0,0.0,0.35294117647058826,0.9411764705882353,0.0,[]
148,,Sun Apr 03 21:37:48 EDT 2022,IdentificationTable.java,1649036268647,-355,-355,(R)2(I)12(F)2(I)2(F)2(I)2(R)3,0.64,0.0,0.0,16.0,0.0,0.0,0.0,0.0,0.0,0.0,0.0,null,0.0,0.0,[]
149,,Sun Apr 03 21:37:48 EDT 2022,IdentificationTable.java,1649036268461,183840,0,(R)3(I)22,0.88,0.0,0.0,0.0,0.0,0.0,0.1366120218579235,0.0,0.0,0.0,0.0,0.01639344262295082,0.12021857923497267,1.0,[1649036412837 2 miniJava-Compiler/IdentificationTable.java at 129fec001e530cb9150be1b8567a7564a40b104f  gmcdonagh/miniJava-Compiler https://github.com/gmcdonagh/miniJava-Compiler/blob/129fec001e530cb9150be1b8567a7564a40b104f/source/miniJava/ContextualAnalyzer/IdentificationTable.java]
150,,Sun Apr 03 21:40:52 EDT 2022,IdentificationTable.java,1649036452723,1871,1871,(I)12(R)4(I)2(F)2(I)2,0.7272727272727273,0.0,0.0,9.090909090909092,0.0,0.0,22.0,0.0,0.0,2.0,0.0,4.0,16.0,0.0,[]
151,,Sun Apr 03 21:40:54 EDT 2022,IdentificationTable.java,1649036454730,148699,0,(I)2(R)4(I)19,0.84,0.0,0.0,0.0,0.0,0.0,0.16891891891891891,0.0,0.0,0.0,0.0,0.02702702702702703,0.14189189189189189,0.0,[]
152,,Sun Apr 03 21:43:24 EDT 2022,IdentificationTable.java,1649036604321,2123,2123,(I)25,1.0,0.0,0.0,0.0,0.0,0.0,12.5,0.0,0.0,0.0,0.0,0.0,12.5,0.0,[]
153,,Sun Apr 03 21:43:26 EDT 2022,IdentificationTable.java,1649036606448,2574,2574,(I)25,1.0,0.0,0.0,0.0,0.0,0.0,12.5,0.0,0.0,0.0,0.0,0.0,12.5,0.0,[]
154,,Sun Apr 03 21:43:29 EDT 2022,IdentificationTable.java,1649036609101,489150,0,(I)12(F)2(I)11,0.92,0.0,0.0,8.0,0.0,0.0,0.05112474437627812,0.0,0.0,0.00408997955010225,0.0,0.0,0.04703476482617587,2.0,[1649036666922 10 miniJava-Compiler/source/miniJava at 129fec001e530cb9150be1b8567a7564a40b104f  gmcdonagh/miniJava-Compiler https://github.com/gmcdonagh/miniJava-Compiler/tree/129fec001e530cb9150be1b8567a7564a40b104f/source/miniJava, 1649036667262 2 miniJava-Compiler/Compiler.java at 129fec001e530cb9150be1b8567a7564a40b104f  gmcdonagh/miniJava-Compiler https://github.com/gmcdonagh/miniJava-Compiler/blob/129fec001e530cb9150be1b8567a7564a40b104f/source/miniJava/Compiler.java]
155,,Sun Apr 03 21:51:38 EDT 2022,IdentificationTable.java,1649037098323,15319,0,(I)14(R)1(I)2(R)5(I)3,0.76,0.0,0.0,0.0,0.0,0.0,1.6666666666666667,0.0,0.0,0.0,0.0,0.4,1.2666666666666666,0.0,[]
156,,Sun Apr 03 21:51:53 EDT 2022,IdentificationTable.java,1649037113780,3305,3305,(I)6(F)2(I)1(F)2(I)2(R I)1(I)9(R)1(I)1,0.8,0.0,0.0,16.0,0.0,0.0,8.333333333333334,0.0,0.0,1.3333333333333333,0.0,0.6666666666666666,6.666666666666667,0.0,[]
157,,Sun Apr 03 21:51:57 EDT 2022,IdentificationTable.java,1649037117255,4301,4301,(R)5(I)1(R)7(I)5(R)5(I)2,0.32,0.0,0.0,0.0,0.0,0.0,6.25,0.0,0.0,0.0,0.0,4.25,2.0,0.0,[]
158,,Sun Apr 03 21:52:01 EDT 2022,IdentificationTable.java,1649037121732,2176,2176,(I)3(R)3(I)5(R)5(I)7(R I)1,0.6666666666666666,0.0,0.0,0.0,0.0,0.0,12.0,0.0,0.0,0.0,0.0,4.5,8.0,0.0,[]
159,,Sun Apr 03 21:52:27 EDT 2022,Identification.java,1649037147689,261643,0,(F)2(I)3(F)1(I)2(R)1(F)1(I)5(R)1,0.625,0.0,0.0,25.0,0.0,0.0,0.06130268199233716,0.0,0.0,0.01532567049808429,0.0,0.007662835249042145,0.038314176245210725,6.0,[1649037218430 16 miniJava-Compiler/source/miniJava at 129fec001e530cb9150be1b8567a7564a40b104f  gmcdonagh/miniJava-Compiler https://github.com/gmcdonagh/miniJava-Compiler/tree/129fec001e530cb9150be1b8567a7564a40b104f/source/miniJava, 1649037195303 6 miniJava-Compiler/source/miniJava/AbstractSyntaxTrees at 129fec001e530cb9150be1b8567a7564a40b104f  gmcdonagh/miniJava-Compiler https://github.com/gmcdonagh/miniJava-Compiler/tree/129fec001e530cb9150be1b8567a7564a40b104f/source/miniJava/AbstractSyntaxTrees, 1649037212590 6 miniJava-Compiler/source/miniJava/SyntacticAnalyzer at 129fec001e530cb9150be1b8567a7564a40b104f  gmcdonagh/miniJava-Compiler https://github.com/gmcdonagh/miniJava-Compiler/tree/129fec001e530cb9150be1b8567a7564a40b104f/source/miniJava/SyntacticAnalyzer, 1649037201499 3 miniJava-Compiler/Parser.java at 129fec001e530cb9150be1b8567a7564a40b104f  gmcdonagh/miniJava-Compiler https://github.com/gmcdonagh/miniJava-Compiler/blob/129fec001e530cb9150be1b8567a7564a40b104f/source/miniJava/SyntacticAnalyzer/Parser.java, 1649037216639 8 miniJava-Compiler/source/miniJava/ContextualAnalyzer at 129fec001e530cb9150be1b8567a7564a40b104f  gmcdonagh/miniJava-Compiler https://github.com/gmcdonagh/miniJava-Compiler/tree/129fec001e530cb9150be1b8567a7564a40b104f/source/miniJava/ContextualAnalyzer, 1649037220396 4 miniJava-Compiler/Compiler.java at 129fec001e530cb9150be1b8567a7564a40b104f  gmcdonagh/miniJava-Compiler https://github.com/gmcdonagh/miniJava-Compiler/blob/129fec001e530cb9150be1b8567a7564a40b104f/source/miniJava/Compiler.java]
160,,Sun Apr 03 21:56:49 EDT 2022,Identification.java,1649037409339,66013,0,(I)5(F)2(I)8(F)2(I)4(F)2(I)1,0.75,0.0,0.0,25.0,0.0,0.0,0.36363636363636365,0.0,0.0,0.09090909090909091,0.0,0.0,0.2727272727272727,0.0,[]
161,,Sun Apr 03 21:57:55 EDT 2022,Identification.java,1649037475352,-63344,-63344,(I)3(F)2(I)1(F)2(I)9(R)5,0.5909090909090909,0.0,0.0,18.181818181818183,0.0,0.0,0.0,0.0,0.0,0.0,0.0,null,0.0,0.0,[]
162,,Sun Apr 03 21:56:52 EDT 2022,Identification.java,1649037412012,247931,0,(I)5(R)1(I)17,0.9565217391304348,0.0,0.0,0.0,0.0,0.0,0.0931174089068826,0.0,0.0,0.0,0.0,0.004048582995951417,0.08906882591093117,1.0,[1649037586468 23 UNC-Chapel Hill Single Sign-On https://sso.unc.edu/idp/logout.jsp]
163,,Sun Apr 03 22:01:00 EDT 2022,Identification.java,1649037660089,32763,0,(F)2(I)3(F)2(I)2(R I)1(F)6(R)1(I)5,0.5,0.0,0.0,45.45454545454545,0.0,0.0,0.6875,0.0,0.0,0.3125,0.0,0.0625,0.34375,0.0,[]
164,,Sun Apr 03 22:01:32 EDT 2022,Identification.java,1649037692854,17444,0,(I)3(F)2(R)2(I)16(R)1(I)1,0.8,0.0,0.0,8.0,0.0,0.0,1.4705882352941178,0.0,0.0,0.11764705882352941,0.0,0.17647058823529413,1.1764705882352942,0.0,[]
165,,Sun Apr 03 22:01:50 EDT 2022,Identification.java,1649037710426,11397,0,(I)25,1.0,0.0,0.0,0.0,0.0,0.0,2.272727272727273,0.0,0.0,0.0,0.0,0.0,2.272727272727273,0.0,[]
166,,Sun Apr 03 22:02:01 EDT 2022,Identification.java,1649037721823,13953,0,(I)5(R)2(I)4(F)2(I)4(R)4(I)2,0.6521739130434783,0.0,0.0,8.695652173913043,0.0,0.0,1.7692307692307692,0.0,0.0,0.15384615384615385,0.0,0.46153846153846156,1.1538461538461537,0.0,[]
167,,Sun Apr 03 22:02:15 EDT 2022,Identification.java,1649037735964,-4570,-4570,(I)21(R)1(I)3,0.96,0.0,0.0,0.0,0.0,0.0,0.0,0.0,0.0,0.0,0.0,null,0.0,0.0,[]
168,,Sun Apr 03 22:02:15 EDT 2022,Identification.java,1649037735085,100514,0,(R)2(I)16(R)1(I)4,0.8695652173913043,0.0,0.0,0.0,0.0,0.0,0.23,0.0,0.0,0.0,0.0,0.03,0.2,0.0,[]
169,,Sun Apr 03 22:03:55 EDT 2022,Identification.java,1649037835599,17848,0,(I)1(R)5(I)2(R I)1(I)8(F)2(I)2,0.6666666666666666,0.0,0.0,9.523809523809524,0.0,0.0,1.2352941176470589,0.0,0.0,0.11764705882352941,0.0,0.35294117647058826,0.8235294117647058,0.0,[]
170,,Sun Apr 03 22:04:13 EDT 2022,Identification.java,1649037853728,23892,0,(I)2(R)2(I)6(F)2(I)6(F)2(I)4(F)1,0.72,0.0,0.0,20.0,0.0,0.0,1.0869565217391304,0.0,0.0,0.21739130434782608,0.0,0.08695652173913043,0.782608695652174,0.0,[]
171,,Sun Apr 03 22:04:37 EDT 2022,Identification.java,1649037877692,32790,0,(F)3(I)3(R)6(I)9,0.5714285714285714,0.0,0.0,14.285714285714285,0.0,0.0,0.65625,0.0,0.0,0.09375,0.0,0.1875,0.375,0.0,[]
172,,Sun Apr 03 22:05:10 EDT 2022,Identification.java,1649037910970,-53537,-53537,(R)6(I)2(F)2(I)5,0.4666666666666667,0.0,0.0,13.333333333333334,0.0,0.0,0.0,0.0,0.0,0.0,0.0,null,0.0,0.0,[]
173,,Sun Apr 03 22:04:54 EDT 2022,Identification.java,1649037894460,30190,0,(R)3(I)2(R)2(I)2(R)3(I)3(R)8(I)2,0.36,0.0,0.0,0.0,0.0,0.0,0.8333333333333334,0.0,0.0,0.0,0.0,0.5333333333333333,0.3,0.0,[]
174,,Sun Apr 03 22:05:26 EDT 2022,Identification.java,1649037926207,28465,0,(I)3(R)6(I)4(F)2(I)2(F)2(I)3(F)2(I)1,0.52,0.0,0.0,24.0,0.0,0.0,0.8928571428571429,0.0,0.0,0.21428571428571427,0.0,0.21428571428571427,0.4642857142857143,0.0,[]
175,,Sun Apr 03 22:05:54 EDT 2022,Identification.java,1649037954672,7165,7165,(I)11(R)1(I)1(R)1(I)2(R)3(I)3(R)3,0.68,0.0,0.0,0.0,0.0,0.0,3.5714285714285716,0.0,0.0,0.0,0.0,1.1428571428571428,2.4285714285714284,0.0,[]
176,,Sun Apr 03 22:06:01 EDT 2022,Identification.java,1649037961840,2472,2472,(R)3(I)7(R)6(I)5,0.5714285714285714,0.0,0.0,0.0,0.0,0.0,10.5,0.0,0.0,0.0,0.0,4.5,6.0,0.0,[]
177,,Sun Apr 03 22:06:05 EDT 2022,Identification.java,1649037965003,3341,3341,(I)1(R)15(I)5,0.2857142857142857,0.0,0.0,0.0,0.0,0.0,7.0,0.0,0.0,0.0,0.0,5.0,2.0,0.0,[]
178,,Sun Apr 03 22:06:08 EDT 2022,Identification.java,1649037968346,3210,3210,(I)7(R)3(I)9(R)6,0.64,0.0,0.0,0.0,0.0,0.0,8.333333333333334,0.0,0.0,0.0,0.0,3.0,5.333333333333333,0.0,[]
179,,Sun Apr 03 22:06:12 EDT 2022,Identification.java,1649037972507,4046,4046,(I)2(R)6(I)2(R)3(I)1(R)3(I)1(R)3(I)4,0.4,0.0,0.0,0.0,0.0,0.0,6.25,0.0,0.0,0.0,0.0,3.75,2.5,0.0,[]
180,,Sun Apr 03 22:06:17 EDT 2022,Identification.java,1649037977006,8436,8436,(I)4(R)6(I)2(R)6,0.3333333333333333,0.0,0.0,0.0,0.0,0.0,2.25,0.0,0.0,0.0,0.0,1.5,0.75,0.0,[]
181,,Sun Apr 03 22:06:27 EDT 2022,Identification.java,1649037987260,1825,1825,(I)1(R)6(I)11(R)1(I)3(R)1,0.6521739130434783,0.0,0.0,0.0,0.0,0.0,23.0,0.0,0.0,0.0,0.0,8.0,15.0,0.0,[]
182,,Sun Apr 03 22:06:29 EDT 2022,Identification.java,1649037989088,5850,5850,(R)5(I)8(R)3(I)1(R)6(I)2,0.44,0.0,0.0,0.0,0.0,0.0,5.0,0.0,0.0,0.0,0.0,2.8,2.2,0.0,[]
183,,Sun Apr 03 22:06:34 EDT 2022,Identification.java,1649037994478,1898,1898,(R)6(I)14(R)1(I)4,0.72,0.0,0.0,0.0,0.0,0.0,25.0,0.0,0.0,0.0,0.0,7.0,18.0,0.0,[]
184,,Sun Apr 03 22:06:40 EDT 2022,Identification.java,1649038000584,5805,5805,(R)6(I)1(R)12(I)6,0.28,0.0,0.0,0.0,0.0,0.0,5.0,0.0,0.0,0.0,0.0,3.6,1.4,0.0,[]
185,,Sun Apr 03 22:06:46 EDT 2022,Identification.java,1649038006390,5922,5922,(I)7(R)12(I)6,0.52,0.0,0.0,0.0,0.0,0.0,5.0,0.0,0.0,0.0,0.0,2.4,2.6,0.0,[]
186,,Sun Apr 03 22:06:52 EDT 2022,Identification.java,1649038012887,290184,0,(I)12(R)2(I)2(F)2(I)4(F)2(I)1,0.76,0.0,0.0,16.0,0.0,0.0,0.08620689655172414,0.0,0.0,0.013793103448275862,0.0,0.006896551724137931,0.06551724137931035,3.0,[1649038204538 10 COMP520/src/miniJava/ContextualAnalyzer at c2f4a72c966dac7e7bc8b45818091f7a73c66ae2  CharlieZhang1999/COMP520 https://github.com/CharlieZhang1999/COMP520/tree/c2f4a72c966dac7e7bc8b45818091f7a73c66ae2/src/miniJava/ContextualAnalyzer, 1649038221095 5 COMP520/IdTable.java at c2f4a72c966dac7e7bc8b45818091f7a73c66ae2  CharlieZhang1999/COMP520 https://github.com/CharlieZhang1999/COMP520/blob/c2f4a72c966dac7e7bc8b45818091f7a73c66ae2/src/miniJava/ContextualAnalyzer/IdTable.java, 1649038207297 3 COMP520/IdChecker.java at c2f4a72c966dac7e7bc8b45818091f7a73c66ae2  CharlieZhang1999/COMP520 https://github.com/CharlieZhang1999/COMP520/blob/c2f4a72c966dac7e7bc8b45818091f7a73c66ae2/src/miniJava/ContextualAnalyzer/IdChecker.java]
187,,Sun Apr 03 22:11:43 EDT 2022,IdentificationTable.java,1649038303071,108616,0,(I)11(F)2(I)4(F)1(N)2(F)1(I)2(F)1(N)1,0.68,0.0,12.0,20.0,0.0,0.0,0.23148148148148148,0.027777777777777776,0.0,0.046296296296296294,0.0,0.0,0.1574074074074074,0.0,[]
188,,Sun Apr 03 22:13:32 EDT 2022,IdentificationTable.java,1649038412217,-11754,-11754,(F)1(I)1(F)1(N)1(F)1(I)2(F)2(I)12(R)1(I)1,0.6956521739130435,0.0,4.3478260869565215,21.73913043478261,0.0,0.0,0.0,0.0,0.0,0.0,0.0,null,0.0,0.0,[]
189,,Sun Apr 03 22:13:32 EDT 2022,Identification.java,1649038412289,19996,0,(I)17,1.0,0.0,0.0,0.0,0.0,0.0,0.8947368421052632,0.0,0.0,0.0,0.0,0.0,0.8947368421052632,0.0,[]
